Test Description,Prerequisites,Test Procedure,Expected Result,Actual Result,Status,Component,Test Type,Test Date,Tester,Remarks
HAL_UART_Init returns STATUS_OK,QEMU virt running; HAL_UART_Init() called; UART0 memory-mapped at 0x09000000,Call HAL_UART_Init(); capture return value,Return value == STATUS_OK,PASS,PASS,UART Driver,Unit,10-Mar-2025,Darpan Baviskar,
UART CR ENABLE bit set after init,QEMU virt running; HAL_UART_Init() called; UART0 memory-mapped at 0x09000000,Force CR=0; call HAL_UART_Init(); read UART_CR register,CR bit 0 (UART_CR_EN) is set,PASS,PASS,UART Driver,Unit,10-Mar-2025,Darpan Baviskar,
All UART interrupts masked after init,QEMU virt running; HAL_UART_Init() called; UART0 memory-mapped at 0x09000000,Call HAL_UART_Init(); read UART_IMSC register,UART_IMSC == 0x00000000,PASS,PASS,UART Driver,Unit,10-Mar-2025,Darpan Baviskar,
Integer baud rate divisor set to 13,QEMU virt running; HAL_UART_Init() called; UART0 memory-mapped at 0x09000000,Call HAL_UART_Init(); read UART_IBRD,UART_IBRD == 13,PASS,PASS,UART Driver,Unit,10-Mar-2025,Darpan Baviskar,
Fractional baud rate divisor set to 2,QEMU virt running; HAL_UART_Init() called; UART0 memory-mapped at 0x09000000,Call HAL_UART_Init(); read UART_FBRD,UART_FBRD == 2,PASS,PASS,UART Driver,Unit,10-Mar-2025,Darpan Baviskar,
LCR_H configured for 8-bit word length with FIFO enabled,QEMU virt running; HAL_UART_Init() called; UART0 memory-mapped at 0x09000000,Call HAL_UART_Init(); read UART_LCR_H; check WLEN8 and FEN bits,(LCR_H & (WLEN8|FEN)) == (WLEN8|FEN),PASS,PASS,UART Driver,Unit,10-Mar-2025,Darpan Baviskar,
UART interrupt mask register stays 0 after init,QEMU virt running; HAL_UART_Init() called; UART0 memory-mapped at 0x09000000,Call HAL_UART_Init(); read UART_IMSC,IMSC == 0,PASS,PASS,UART Driver,Unit,10-Mar-2025,Darpan Baviskar,
CR enables UART TX and RX,QEMU virt running; HAL_UART_Init() called; UART0 memory-mapped at 0x09000000,Call HAL_UART_Init(); check CR bits EN|TXE|RXE,All three bits set,PASS,PASS,UART Driver,Unit,10-Mar-2025,Darpan Baviskar,
HAL_UART_PutChar transmits without hanging,QEMU virt running; HAL_UART_Init() called; UART0 memory-mapped at 0x09000000,Call HAL_UART_PutChar('X'); verify function returns,Function returns (no infinite loop),PASS,PASS,UART Driver,Unit,10-Mar-2025,Darpan Baviskar,
HAL_UART_PutChar handles newline without hanging,QEMU virt running; HAL_UART_Init() called; UART0 memory-mapped at 0x09000000,Call HAL_UART_PutChar('\n'); verify function returns,Function returns,PASS,PASS,UART Driver,Unit,10-Mar-2025,Darpan Baviskar,
HAL_UART_PutString handles NULL pointer,QEMU virt running; HAL_UART_Init() called; UART0 memory-mapped at 0x09000000,Call HAL_UART_PutString(NULL),No crash; function returns,PASS,PASS,UART Driver,Unit,10-Mar-2025,Darpan Baviskar,
HAL_UART_PutString handles empty string,QEMU virt running; HAL_UART_Init() called; UART0 memory-mapped at 0x09000000,"Call HAL_UART_PutString("""")",No crash; function returns,PASS,PASS,UART Driver,Unit,10-Mar-2025,Darpan Baviskar,
HAL_UART_PutString transmits all characters,QEMU virt running; HAL_UART_Init() called; UART0 memory-mapped at 0x09000000,"Call HAL_UART_PutString(""HELLO"")",All 5 characters transmitted; function returns,PASS,PASS,UART Driver,Unit,10-Mar-2025,Darpan Baviskar,
HAL_UART_PutHex formats 0 correctly,QEMU virt running; HAL_UART_Init() called; UART0 memory-mapped at 0x09000000,Call HAL_UART_PutHex(0); observe serial output,Output contains '0x0',PASS,PASS,UART Driver,Unit,10-Mar-2025,Darpan Baviskar,Visual verification via QEMU serial
HAL_UART_PutHex formats 0xFF correctly,QEMU virt running; HAL_UART_Init() called; UART0 memory-mapped at 0x09000000,Call HAL_UART_PutHex(0xFF); observe serial output,Output contains '0xFF',PASS,PASS,UART Driver,Unit,10-Mar-2025,Darpan Baviskar,
HAL_UART_PutHex formats full 64-bit value,QEMU virt running; HAL_UART_Init() called; UART0 memory-mapped at 0x09000000,Call HAL_UART_PutHex(0xDEADBEEFCAFEBABEULL),Output matches full hex value,PASS,PASS,UART Driver,Unit,10-Mar-2025,Darpan Baviskar,
HAL_UART_PutHex suppresses leading zeros,QEMU virt running; HAL_UART_Init() called; UART0 memory-mapped at 0x09000000,Call HAL_UART_PutHex(0x5),Output is '0x5' not '0x0000000000000005',PASS,PASS,UART Driver,Unit,10-Mar-2025,Darpan Baviskar,
HAL_UART_PutDec prints 0,QEMU virt running; HAL_UART_Init() called; UART0 memory-mapped at 0x09000000,Call HAL_UART_PutDec(0),Output is '0',PASS,PASS,UART Driver,Unit,10-Mar-2025,Darpan Baviskar,
HAL_UART_PutDec prints single digit,QEMU virt running; HAL_UART_Init() called; UART0 memory-mapped at 0x09000000,Call HAL_UART_PutDec(7),Output is '7',PASS,PASS,UART Driver,Unit,10-Mar-2025,Darpan Baviskar,
HAL_UART_PutDec prints multi-digit value,QEMU virt running; HAL_UART_Init() called; UART0 memory-mapped at 0x09000000,Call HAL_UART_PutDec(12345678),Output is '12345678',PASS,PASS,UART Driver,Unit,10-Mar-2025,Darpan Baviskar,
HAL_UART_PutDec handles max uint64,QEMU virt running; HAL_UART_Init() called; UART0 memory-mapped at 0x09000000,Call HAL_UART_PutDec(0xFFFFFFFFFFFFFFFFULL),Output is '18446744073709551615'; no buffer overflow,PASS,PASS,UART Driver,Unit,10-Mar-2025,Darpan Baviskar,
HAL_Timer_Init returns STATUS_OK,QEMU virt running; ARM Generic Timer accessible at EL1; HAL_UART_Init() called,Call HAL_Timer_Init(); check return value,Return value == STATUS_OK,PASS,PASS,Timer Driver,Unit,11-Mar-2025,Darpan Baviskar,
Timer frequency consistent across calls,QEMU virt running; ARM Generic Timer accessible at EL1; HAL_UART_Init() called,Call HAL_Timer_Init(); call GetFreq() twice; compare,f1 == f2 && f1 > 0,PASS,PASS,Timer Driver,Unit,11-Mar-2025,Darpan Baviskar,
Timer starts disabled after Init,QEMU virt running; ARM Generic Timer accessible at EL1; HAL_UART_Init() called,Call HAL_Timer_Init(); verify CNTP_CTL_EL0 ENABLE bit is 0,Timer disabled on init; Init returns OK,PASS,PASS,Timer Driver,Unit,11-Mar-2025,Darpan Baviskar,Structural; verified by code inspection
HAL_Timer_GetTicks returns non-zero value,QEMU virt running; ARM Generic Timer accessible at EL1; HAL_UART_Init() called,Call HAL_Timer_Init(); call HAL_Timer_GetTicks(),ticks > 0,PASS,PASS,Timer Driver,Unit,11-Mar-2025,Darpan Baviskar,
Timer counter is monotonically non-decreasing,QEMU virt running; ARM Generic Timer accessible at EL1; HAL_UART_Init() called,Call GetTicks() twice in sequence,t1 >= t0,PASS,PASS,Timer Driver,Unit,11-Mar-2025,Darpan Baviskar,
Timer frequency within QEMU expected range 50-100 MHz,QEMU virt running; ARM Generic Timer accessible at EL1; HAL_UART_Init() called,Call HAL_Timer_GetFreq(); check range,50000000 <= freq <= 100000000,PASS,PASS,Timer Driver,Unit,11-Mar-2025,Darpan Baviskar,QEMU ARM Generic Timer typically 62.5 MHz
GetElapsedUs returns correct elapsed time for 1-second wait,QEMU virt running; ARM Generic Timer accessible at EL1; HAL_UART_Init() called,Record t0; call DelayUs(1000000); call GetElapsedUs(t0),elapsed within 950000–1050000 µs (±5%),PASS,PASS,Timer Driver,Unit,11-Mar-2025,Darpan Baviskar,
GetElapsedUs returns near-zero for immediate call,QEMU virt running; ARM Generic Timer accessible at EL1; HAL_UART_Init() called,Record t0; immediately call GetElapsedUs(t0),elapsed < 10000 µs,PASS,PASS,Timer Driver,Unit,11-Mar-2025,Darpan Baviskar,
UsToTicks of 1000 µs yields positive count,QEMU virt running; ARM Generic Timer accessible at EL1; HAL_UART_Init() called,Compute (1000 * freq) / 1000000; check > 0,ticks > 0,PASS,PASS,Timer Driver,Unit,11-Mar-2025,Darpan Baviskar,
UsToTicks returns 0 when frequency is 0,QEMU virt running; ARM Generic Timer accessible at EL1; HAL_UART_Init() called,Compute (1000 * 0) / 1000000,Result == 0,PASS,PASS,Timer Driver,Unit,11-Mar-2025,Darpan Baviskar,Simulated zero-frequency guard
TicksToUs round-trip within 5% for 5000 µs,QEMU virt running; ARM Generic Timer accessible at EL1; HAL_UART_Init() called,Convert 5000µs→ticks→µs; verify within ±5%,"back_us in [4750, 5250]",PASS,PASS,Timer Driver,Unit,11-Mar-2025,Darpan Baviskar,
DelayUs(200) results in at least 180 µs elapsed,QEMU virt running; ARM Generic Timer accessible at EL1; HAL_UART_Init() called,Record t0; call DelayUs(200); call GetElapsedUs(t0),elapsed >= 180 µs,PASS,PASS,Timer Driver,Unit,11-Mar-2025,Darpan Baviskar,
DelayUs(0) returns without hanging,QEMU virt running; ARM Generic Timer accessible at EL1; HAL_UART_Init() called,Call HAL_Timer_DelayUs(0),Function returns,PASS,PASS,Timer Driver,Unit,11-Mar-2025,Darpan Baviskar,
HAL_Timer_Enable sets CNTP_CTL ENABLE bit,QEMU virt running; ARM Generic Timer accessible at EL1; HAL_UART_Init() called,Init; SetInterval(10000); Enable; read CNTP_CTL_EL0,Bit 0 (ENABLE) == 1,PASS,PASS,Timer Driver,Unit,11-Mar-2025,Darpan Baviskar,
HAL_Timer_AckInterrupt reloads countdown without fault,QEMU virt running; ARM Generic Timer accessible at EL1; HAL_UART_Init() called,Enable timer; call AckInterrupt; read CTL,No fault; function returns,PASS,PASS,Timer Driver,Unit,11-Mar-2025,Darpan Baviskar,
HAL_Timer_Disable clears ENABLE bit,QEMU virt running; ARM Generic Timer accessible at EL1; HAL_UART_Init() called,Enable timer; call Disable; read CNTP_CTL_EL0,Bit 0 (ENABLE) == 0,PASS,PASS,Timer Driver,Unit,11-Mar-2025,Darpan Baviskar,
After Enable: ENABLE=1 and IMASK=0,QEMU virt running; ARM Generic Timer accessible at EL1; HAL_UART_Init() called,Init; SetInterval; Enable; read CTL,bit0==1 && bit1==0,PASS,PASS,Timer Driver,Unit,11-Mar-2025,Darpan Baviskar,
MMU enabled: SCTLR_EL1 M-bit is 1,QEMU virt running; HAL_MMU_Init() called; identity-mapped page tables in place,Read SCTLR_EL1; check bit 0,(SCTLR_EL1 & 1) == 1,PASS,PASS,MMU Driver,Unit,12-Mar-2025,Darpan Baviskar,
TTBR0_EL1 points to 4096-byte aligned page table,QEMU virt running; HAL_MMU_Init() called; identity-mapped page tables in place,Read TTBR0_EL1; check lower 12 bits are zero,(TTBR0_EL1 & 0xFFF) == 0,PASS,PASS,MMU Driver,Unit,12-Mar-2025,Darpan Baviskar,
L1 page table entries 2–7 are zero,QEMU virt running; HAL_MMU_Init() called; identity-mapped page tables in place,Read PTE[2..7] via TTBR0 pointer; verify all zero,All entries == 0,PASS,PASS,MMU Driver,Unit,12-Mar-2025,Darpan Baviskar,
PTE[0] physical base address is 0x00000000,QEMU virt running; HAL_MMU_Init() called; identity-mapped page tables in place,Read PTE[0]; extract PA bits [47:30],PA == 0x00000000,PASS,PASS,MMU Driver,Unit,12-Mar-2025,Darpan Baviskar,Device region
PTE[0] is a block descriptor,QEMU virt running; HAL_MMU_Init() called; identity-mapped page tables in place,Read PTE[0]; check bits [1:0],bits == PTE_TYPE_BLOCK (0x1),PASS,PASS,MMU Driver,Unit,12-Mar-2025,Darpan Baviskar,
PTE[0] has device memory attribute (MAIR index 0),QEMU virt running; HAL_MMU_Init() called; identity-mapped page tables in place,Read PTE[0]; check bits [4:2],bits == PTE_ATTR_DEVICE,PASS,PASS,MMU Driver,Unit,12-Mar-2025,Darpan Baviskar,
PTE[0] has access flag set,QEMU virt running; HAL_MMU_Init() called; identity-mapped page tables in place,Read PTE[0]; check bit 10,(PTE[0] & PTE_AF) == PTE_AF,PASS,PASS,MMU Driver,Unit,12-Mar-2025,Darpan Baviskar,
PTE[0] has PXN and UXN set (device non-executable),QEMU virt running; HAL_MMU_Init() called; identity-mapped page tables in place,Read PTE[0]; check PXN and UXN bits,Both PXN and UXN set,PASS,PASS,MMU Driver,Unit,12-Mar-2025,Darpan Baviskar,
PTE[1] physical base address is 0x40000000,QEMU virt running; HAL_MMU_Init() called; identity-mapped page tables in place,Read PTE[1]; extract PA bits [47:30],PA == 0x40000000,PASS,PASS,MMU Driver,Unit,12-Mar-2025,Darpan Baviskar,RAM region
PTE[1] is a block descriptor,QEMU virt running; HAL_MMU_Init() called; identity-mapped page tables in place,Read PTE[1]; check bits [1:0],bits == PTE_TYPE_BLOCK,PASS,PASS,MMU Driver,Unit,12-Mar-2025,Darpan Baviskar,
PTE[1] has normal WB memory attribute (MAIR index 1),QEMU virt running; HAL_MMU_Init() called; identity-mapped page tables in place,Read PTE[1]; check bits [4:2],bits == PTE_ATTR_NORMAL,PASS,PASS,MMU Driver,Unit,12-Mar-2025,Darpan Baviskar,
PTE[1] has inner-shareable attribute,QEMU virt running; HAL_MMU_Init() called; identity-mapped page tables in place,Read PTE[1]; check bits [9:8],bits == PTE_SH_INNER,PASS,PASS,MMU Driver,Unit,12-Mar-2025,Darpan Baviskar,
PTE[1] does not have PXN or UXN (RAM is executable),QEMU virt running; HAL_MMU_Init() called; identity-mapped page tables in place,Read PTE[1]; check PXN and UXN bits,Both PXN and UXN clear,PASS,PASS,MMU Driver,Unit,12-Mar-2025,Darpan Baviskar,
HAL_MMU_InvalidateTLB executes without fault,QEMU virt running; HAL_MMU_Init() called; identity-mapped page tables in place,Call HAL_MMU_InvalidateTLB(),No fault; function returns,PASS,PASS,MMU Driver,Unit,12-Mar-2025,Darpan Baviskar,
HAL_MMU_CleanInvalidateDCache executes without fault,QEMU virt running; HAL_MMU_Init() called; identity-mapped page tables in place,Call HAL_MMU_CleanInvalidateDCache(),No fault; function returns,PASS,PASS,MMU Driver,Unit,12-Mar-2025,Darpan Baviskar,
RAM read/write succeeds after MMU init,QEMU virt running; HAL_MMU_Init() called; identity-mapped page tables in place,Write 0xDEADBEEF to 0x40100000; read back,Read value == 0xDEADBEEFUL,PASS,PASS,MMU Driver,Unit,12-Mar-2025,Darpan Baviskar,
MAIR_EL1 device attr=0x00 normal attr=0xFF,QEMU virt running; HAL_MMU_Init() called; identity-mapped page tables in place,Read MAIR_EL1; extract byte 0 and byte 1,attr0==0x00 && attr1==0xFF,PASS,PASS,MMU Driver,Unit,12-Mar-2025,Darpan Baviskar,
uint8_t size is 1 byte,Host x86_64 build; types.h included; Unity framework initialized,sizeof(uint8_t),1,PASS,PASS,Type Definitions,Unit,10-Mar-2025,Harshit,
uint16_t size is 2 bytes,Host x86_64 build; types.h included; Unity framework initialized,sizeof(uint16_t),2,PASS,PASS,Type Definitions,Unit,10-Mar-2025,Harshit,
uint32_t size is 4 bytes,Host x86_64 build; types.h included; Unity framework initialized,sizeof(uint32_t),4,PASS,PASS,Type Definitions,Unit,10-Mar-2025,Harshit,
uint64_t size is 8 bytes,Host x86_64 build; types.h included; Unity framework initialized,sizeof(uint64_t),8,PASS,PASS,Type Definitions,Unit,10-Mar-2025,Harshit,
int8_t size is 1 byte,Host x86_64 build; types.h included; Unity framework initialized,sizeof(int8_t),1,PASS,PASS,Type Definitions,Unit,10-Mar-2025,Harshit,
int16_t size is 2 bytes,Host x86_64 build; types.h included; Unity framework initialized,sizeof(int16_t),2,PASS,PASS,Type Definitions,Unit,10-Mar-2025,Harshit,
int32_t size is 4 bytes,Host x86_64 build; types.h included; Unity framework initialized,sizeof(int32_t),4,PASS,PASS,Type Definitions,Unit,10-Mar-2025,Harshit,
int64_t size is 8 bytes,Host x86_64 build; types.h included; Unity framework initialized,sizeof(int64_t),8,PASS,PASS,Type Definitions,Unit,10-Mar-2025,Harshit,
size_t equals sizeof(void*),Host x86_64 build; types.h included; Unity framework initialized,sizeof(size_t) vs sizeof(void*),Equal,PASS,PASS,Type Definitions,Unit,10-Mar-2025,Harshit,
uintptr_t equals sizeof(void*),Host x86_64 build; types.h included; Unity framework initialized,sizeof(uintptr_t) vs sizeof(void*),Equal,PASS,PASS,Type Definitions,Unit,10-Mar-2025,Harshit,
Boolean true==1 and false==0,Host x86_64 build; types.h included; Unity framework initialized,Check (int)true and (int)false,true==1 && false==0,PASS,PASS,Type Definitions,Unit,10-Mar-2025,Harshit,
NULL defined as (void*)0,Host x86_64 build; types.h included; Unity framework initialized,Compare NULL to (void*)0,Equal,PASS,PASS,Type Definitions,Unit,10-Mar-2025,Harshit,
REG32 macro performs volatile 32-bit read,Host x86_64 build; types.h included; Unity framework initialized,Write 0xDEADBEEF to scratch; read via REG32,Read value == 0xDEADBEEF,PASS,PASS,Type Definitions,Unit,10-Mar-2025,Harshit,
REG64 macro performs volatile 64-bit read,Host x86_64 build; types.h included; Unity framework initialized,Write 0x0123456789ABCDEF to scratch; read via REG64,Read value correct,PASS,PASS,Type Definitions,Unit,10-Mar-2025,Harshit,
uint8_t wraps at 255,Host x86_64 build; types.h included; Unity framework initialized,Set uint8_t=255; increment; check == 0,Wrap to 0,PASS,PASS,Type Definitions,Unit,10-Mar-2025,Harshit,
int8_t range -128 to 127,Host x86_64 build; types.h included; Unity framework initialized,Assign -128 and 127 to int8_t variables,Values preserved,PASS,PASS,Type Definitions,Unit,10-Mar-2025,Harshit,
uint64_t holds 0xFFFFFFFFFFFFFFFF,Host x86_64 build; types.h included; Unity framework initialized,Assign 0xFFFFFFFFFFFFFFFFULL; compare,Value unchanged,PASS,PASS,Type Definitions,Unit,10-Mar-2025,Harshit,
KMEM_Init with valid heap returns STATUS_OK,Host build; fake 1MB heap via heap_stub; KMEM_Init() called; Unity initialized,heap_stub_reset(); KMEM_Init(),STATUS_OK,PASS,PASS,Memory Manager,Unit,11-Mar-2025,Harshit,
KMEM_Init is idempotent (double-init returns OK),Host build; fake 1MB heap via heap_stub; KMEM_Init() called; Unity initialized,Call KMEM_Init() twice,Both calls return STATUS_OK,PASS,PASS,Memory Manager,Unit,11-Mar-2025,Harshit,
KMEM_Init resets used bytes to 0,Host build; fake 1MB heap via heap_stub; KMEM_Init() called; Unity initialized,Alloc 256 bytes; reset stub; Init; check stats.heap_used,heap_used == 0,PASS,PASS,Memory Manager,Unit,11-Mar-2025,Harshit,
KMEM_Init sets total heap size correctly,Host build; fake 1MB heap via heap_stub; KMEM_Init() called; Unity initialized,Init; KMEM_GetStats; check heap_total,heap_total > 0 && <= 1MB+page,PASS,PASS,Memory Manager,Unit,11-Mar-2025,Harshit,
KMEM_Alloc(0) returns NULL,Host build; fake 1MB heap via heap_stub; KMEM_Init() called; Unity initialized,"KMEM_Alloc(0, 8)",NULL,PASS,PASS,Memory Manager,Unit,11-Mar-2025,Harshit,
KMEM_Alloc(0) always NULL regardless of state,Host build; fake 1MB heap via heap_stub; KMEM_Init() called; Unity initialized,"KMEM_Alloc(0, 8) after init",NULL,PASS,PASS,Memory Manager,Unit,11-Mar-2025,Harshit,
KMEM_Alloc returns non-NULL for valid size,Host build; fake 1MB heap via heap_stub; KMEM_Init() called; Unity initialized,"KMEM_Alloc(64, 8)",Non-NULL pointer,PASS,PASS,Memory Manager,Unit,11-Mar-2025,Harshit,
KMEM_Alloc returns 64-byte aligned pointer,Host build; fake 1MB heap via heap_stub; KMEM_Init() called; Unity initialized,"KMEM_Alloc(128, 64); check (ptr % 64) == 0",Address mod 64 == 0,PASS,PASS,Memory Manager,Unit,11-Mar-2025,Harshit,
KMEM_Alloc returns 128-byte aligned pointer,Host build; fake 1MB heap via heap_stub; KMEM_Init() called; Unity initialized,"KMEM_Alloc(128, 128); check (ptr % 128) == 0",Address mod 128 == 0,PASS,PASS,Memory Manager,Unit,11-Mar-2025,Harshit,
Alignment below KMEM_MIN_ALIGN promoted to 8,Host build; fake 1MB heap via heap_stub; KMEM_Init() called; Unity initialized,"KMEM_Alloc(16, 1); check (ptr % 8) == 0",At least 8-byte aligned,PASS,PASS,Memory Manager,Unit,11-Mar-2025,Harshit,
Consecutive Alloc calls produce non-overlapping regions,Host build; fake 1MB heap via heap_stub; KMEM_Init() called; Unity initialized,"Alloc(32,8) twice; verify p2 >= p1+32",No overlap,PASS,PASS,Memory Manager,Unit,11-Mar-2025,Harshit,
Alloc beyond heap size returns NULL,Host build; fake 1MB heap via heap_stub; KMEM_Init() called; Unity initialized,"KMEM_Alloc(heap_total+1, 8)",NULL,PASS,PASS,Memory Manager,Unit,11-Mar-2025,Harshit,
Alloc to edge of heap succeeds,Host build; fake 1MB heap via heap_stub; KMEM_Init() called; Unity initialized,Alloc(free/2); then Alloc(remaining free),Both succeed,PASS,PASS,Memory Manager,Unit,11-Mar-2025,Harshit,
Alloc one byte beyond free space returns NULL,Host build; fake 1MB heap via heap_stub; KMEM_Init() called; Unity initialized,"Fill heap; Alloc(tiny_free+1, 8)",NULL,PASS,PASS,Memory Manager,Unit,11-Mar-2025,Harshit,
KMEM_TensorAlloc returns 64-byte aligned pointer,Host build; fake 1MB heap via heap_stub; KMEM_Init() called; Unity initialized,ArenaCreate(4096); TensorAlloc(128); check alignment,ptr % 64 == 0,PASS,PASS,Memory Manager,Unit,11-Mar-2025,Harshit,
KMEM_TensorAlloc returns non-NULL for valid size,Host build; fake 1MB heap via heap_stub; KMEM_Init() called; Unity initialized,ArenaCreate(1024); TensorAlloc(64),Non-NULL,PASS,PASS,Memory Manager,Unit,12-Mar-2025,Harshit,
KMEM_TensorAlloc on exhausted arena returns NULL,Host build; fake 1MB heap via heap_stub; KMEM_Init() called; Unity initialized,ArenaCreate(128); TensorAlloc(128); TensorAlloc(64),Second returns NULL,PASS,PASS,Memory Manager,Unit,12-Mar-2025,Harshit,
GetStats heap_used is 0 before any allocation,Host build; fake 1MB heap via heap_stub; KMEM_Init() called; Unity initialized,KMEM_GetStats after Init only,heap_used == 0,PASS,PASS,Memory Manager,Unit,12-Mar-2025,Harshit,
GetStats heap_used increases after Alloc,Host build; fake 1MB heap via heap_stub; KMEM_Init() called; Unity initialized,"GetStats before and after Alloc(64,8)",st2.heap_used > st1.heap_used,PASS,PASS,Memory Manager,Unit,12-Mar-2025,Harshit,
GetFreeSpace equals heap_total initially,Host build; fake 1MB heap via heap_stub; KMEM_Init() called; Unity initialized,GetFreeSpace() == GetStats().heap_total after fresh Init,Equal,PASS,PASS,Memory Manager,Unit,12-Mar-2025,Harshit,
GetFreeSpace decreases after Alloc,Host build; fake 1MB heap via heap_stub; KMEM_Init() called; Unity initialized,"Free before vs after Alloc(64,8)",after < before,PASS,PASS,Memory Manager,Unit,12-Mar-2025,Harshit,
heap_used + free_space == heap_total,Host build; fake 1MB heap via heap_stub; KMEM_Init() called; Unity initialized,"Alloc(100,8); check used+free==total",Invariant holds,PASS,PASS,Memory Manager,Unit,12-Mar-2025,Harshit,
Peak usage equals used at first allocation,Host build; fake 1MB heap via heap_stub; KMEM_Init() called; Unity initialized,"Alloc(256,8); check heap_peak == heap_used",Equal,PASS,PASS,Memory Manager,Unit,12-Mar-2025,Harshit,
Peak never decreases after ArenaReset,Host build; fake 1MB heap via heap_stub; KMEM_Init() called; Unity initialized,Arena alloc 1024; record peak; Reset; alloc 128; check peak,peak unchanged or higher,PASS,PASS,Memory Manager,Unit,12-Mar-2025,Harshit,
Peak tracks high-water mark across allocs,Host build; fake 1MB heap via heap_stub; KMEM_Init() called; Unity initialized,Alloc 512; record peak1; Alloc 1024; check peak2 > peak1,peak2 > peak1,PASS,PASS,Memory Manager,Unit,12-Mar-2025,Harshit,
ArenaReset sets arena used bytes to 0,Host build; fake 1MB heap via heap_stub; KMEM_Init() called; Unity initialized,"ArenaCreate(4096); ArenaAlloc(512,8); ArenaReset; check used",used == 0,PASS,PASS,Memory Manager,Unit,13-Mar-2025,Harshit,
ArenaAlloc succeeds after reset,Host build; fake 1MB heap via heap_stub; KMEM_Init() called; Unity initialized,"Fill arena; Reset; ArenaAlloc(256,8); check used==256",Non-NULL; used==256,PASS,PASS,Memory Manager,Unit,13-Mar-2025,Harshit,
ArenaReset does not alter global heap peak,Host build; fake 1MB heap via heap_stub; KMEM_Init() called; Unity initialized,ArenaAlloc; get peak; ArenaReset; get peak again,peak unchanged,PASS,PASS,Memory Manager,Unit,13-Mar-2025,Harshit,
Alloc succeeds after Reset on exhausted arena,Host build; fake 1MB heap via heap_stub; KMEM_Init() called; Unity initialized,"Exhaust arena; Reset; ArenaAlloc(64,8)",Non-NULL,PASS,PASS,Memory Manager,Unit,13-Mar-2025,Harshit,
KMEM_GetStats with NULL pointer does not crash,Host build; fake 1MB heap via heap_stub; KMEM_Init() called; Unity initialized,KMEM_GetStats(NULL),No crash; function returns,PASS,PASS,Memory Manager,Unit,13-Mar-2025,Harshit,
KMEM_GetStats with valid pointer does not crash,Host build; fake 1MB heap via heap_stub; KMEM_Init() called; Unity initialized,KMEM_GetStats(&st),No crash,PASS,PASS,Memory Manager,Unit,13-Mar-2025,Harshit,
GetStats heap_total is positive and bounded,Host build; fake 1MB heap via heap_stub; KMEM_Init() called; Unity initialized,Check 0 < heap_total <= 1MB+page,Condition true,PASS,PASS,Memory Manager,Unit,13-Mar-2025,Harshit,
GetStats used + free equals total,Host build; fake 1MB heap via heap_stub; KMEM_Init() called; Unity initialized,"Alloc(128,8); verify used+free==total",Invariant holds,PASS,PASS,Memory Manager,Unit,13-Mar-2025,Harshit,
alloc_count increments by number of Alloc calls,Host build; fake 1MB heap via heap_stub; KMEM_Init() called; Unity initialized,Record base; Alloc x3; check count==base+3,base+3,PASS,PASS,Memory Manager,Unit,13-Mar-2025,Harshit,
heap_used accounts for alignment padding,Host build; fake 1MB heap via heap_stub; KMEM_Init() called; Unity initialized,"Alloc(7,8); check heap_used >= 7",heap_used >= 7,PASS,PASS,Memory Manager,Unit,13-Mar-2025,Harshit,
memset fills all bytes with given value,Host build; fake 1MB heap via heap_stub; KMEM_Init() called; Unity initialized,"memset(buf, 0xAB, 32); verify all bytes",All == 0xAB,PASS,PASS,Memory Manager,Unit,13-Mar-2025,Harshit,
memset(count=0) does not modify memory,Host build; fake 1MB heap via heap_stub; KMEM_Init() called; Unity initialized,"Fill buf 0xCC; memset(buf, 0x00, 0); verify unchanged",All still 0xCC,PASS,PASS,Memory Manager,Unit,13-Mar-2025,Harshit,
memset does not write beyond count,Host build; fake 1MB heap via heap_stub; KMEM_Init() called; Unity initialized,Fill 0xBB; memset first 8 bytes 0x11; check bytes 8-15,Bytes 8-15 still 0xBB,PASS,PASS,Memory Manager,Unit,13-Mar-2025,Harshit,
memcpy produces byte-identical destination,Host build; fake 1MB heap via heap_stub; KMEM_Init() called; Unity initialized,Copy 32-byte src to dst; compare,Identical,PASS,PASS,Memory Manager,Unit,13-Mar-2025,Harshit,
memcpy(count=0) does not modify destination,Host build; fake 1MB heap via heap_stub; KMEM_Init() called; Unity initialized,"memcpy(dst, src, 0); verify dst unchanged",dst unchanged,PASS,PASS,Memory Manager,Unit,13-Mar-2025,Harshit,
memcpy does not write beyond count,Host build; fake 1MB heap via heap_stub; KMEM_Init() called; Unity initialized,Copy 8 of 16 bytes; verify bytes 8-15 unchanged,Bytes 8-15 unchanged,PASS,PASS,Memory Manager,Unit,13-Mar-2025,Harshit,
memcmp returns 0 for identical regions,Host build; fake 1MB heap via heap_stub; KMEM_Init() called; Unity initialized,"memcmp(a,b,16) where a==b",0,PASS,PASS,Memory Manager,Unit,13-Mar-2025,Harshit,
memcmp returns non-zero when first byte differs,Host build; fake 1MB heap via heap_stub; KMEM_Init() called; Unity initialized,"Differ only at byte 0; memcmp(a,b,8)",!= 0,PASS,PASS,Memory Manager,Unit,13-Mar-2025,Harshit,
memcmp returns non-zero when last byte differs,Host build; fake 1MB heap via heap_stub; KMEM_Init() called; Unity initialized,"Differ only at byte 7; memcmp(a,b,8)",!= 0,PASS,PASS,Memory Manager,Unit,13-Mar-2025,Harshit,
memcmp(count=0) returns 0,Host build; fake 1MB heap via heap_stub; KMEM_Init() called; Unity initialized,"memcmp(a,b,0) with different data",0,PASS,PASS,Memory Manager,Unit,13-Mar-2025,Harshit,
Full allocation lifecycle: Alloc→Stats→ArenaReset→Alloc,Host build; fake 1MB heap via heap_stub; KMEM_Init() called; Unity initialized,Alloc 256+512; check stats; create arena; alloc; reset; realloc,All succeed; peak preserved after reset,PASS,PASS,Memory Manager,Component,14-Mar-2025,Harshit,
Mixed alignment allocs do not overlap,Host build; fake 1MB heap via heap_stub; KMEM_Init() called; Unity initialized,Alloc with align 8/16/64/128 in sequence; check alignment and ordering,All aligned; no overlap,PASS,PASS,Memory Manager,Component,14-Mar-2025,Harshit,
Heap exhaustion then arena reset allows reuse,Host build; fake 1MB heap via heap_stub; KMEM_Init() called; Unity initialized,Alloc until NULL; ArenaReset; verify used==0; Alloc again,Reuse succeeds,PASS,PASS,Memory Manager,Component,14-Mar-2025,Harshit,
Peak watermark climbs across multiple arena cycles,Host build; fake 1MB heap via heap_stub; KMEM_Init() called; Unity initialized,Three cycles allocating 1024/2048/4096 with resets between,peak3 >= peak2 >= peak1,PASS,PASS,Memory Manager,Component,14-Mar-2025,Harshit,
Alignment padding is bounded (Alloc 1 byte with align 8),Host build; fake 1MB heap via heap_stub; KMEM_Init() called; Unity initialized,"Alloc(1,8); check free_before - free_after in [1,16]","Consumed in [1,16] bytes",PASS,PASS,Memory Manager,Component,14-Mar-2025,Harshit,
memcpy+memcmp round-trip detects mutation,Host build; fake 1MB heap via heap_stub; KMEM_Init() called; Unity initialized,Copy region; compare (expect 0); mutate byte; compare (expect !=0),Correct detection,PASS,PASS,Memory Manager,Component,14-Mar-2025,Harshit,
Five tensor arenas with distinct patterns have no aliasing,Host build; fake 1MB heap via heap_stub; KMEM_Init() called; Unity initialized,TensorAlloc 5x512 bytes; write patterns; verify each,"All patterns preserved, no aliasing",PASS,PASS,Memory Manager,Component,14-Mar-2025,Harshit,
STATUS_OK equals integer 0,Host build; status.h and status_stub.c linked; Unity initialized,(int)STATUS_OK,0,PASS,PASS,Status Codes,Unit,12-Mar-2025,Piyush Singh Bhati,
STATUS_ToString(STATUS_OK) returns 'OK',Host build; status.h and status_stub.c linked; Unity initialized,STATUS_ToString(STATUS_OK),String equals 'OK',PASS,PASS,Status Codes,Unit,12-Mar-2025,Piyush Singh Bhati,
STATUS_ToString returns non-NULL for all codes,Host build; status.h and status_stub.c linked; Unity initialized,Loop 0..STATUS_ERROR_COUNT-1; call ToString,No NULL returns,PASS,PASS,Status Codes,Unit,12-Mar-2025,Piyush Singh Bhati,
STATUS_ToString returns non-empty for all codes,Host build; status.h and status_stub.c linked; Unity initialized,Loop 0..STATUS_ERROR_COUNT-1; check s[0]!='\0',All non-empty,PASS,PASS,Status Codes,Unit,12-Mar-2025,Piyush Singh Bhati,
All defined status codes are below STATUS_ERROR_COUNT,Host build; status.h and status_stub.c linked; Unity initialized,Assert each known code < STATUS_ERROR_COUNT,All true,PASS,PASS,Status Codes,Unit,12-Mar-2025,Piyush Singh Bhati,Includes THREAD_LIMIT/SCHEDULER_ACTIVE/POOL_EXHAUSTED
No two status codes share the same integer value,Host build; status.h and status_stub.c linked; Unity initialized,Brute-force uniqueness check across all 19 codes,All distinct,PASS,PASS,Status Codes,Unit,12-Mar-2025,Piyush Singh Bhati,
SCHED_Init returns STATUS_OK,Host build; KMEM_Init and SCHED_Init called; thread.c and kmem.c linked; stubs active,KMEM_Init(); SCHED_Init(),STATUS_OK,PASS,PASS,Scheduler,Unit,13-Mar-2025,Piyush Singh Bhati,
After SCHED_Init only idle thread exists (count==1),Host build; KMEM_Init and SCHED_Init called; thread.c and kmem.c linked; stubs active,SCHED_GetThreadCount() after Init,1,PASS,PASS,Scheduler,Unit,13-Mar-2025,Piyush Singh Bhati,
Thread count is 1 immediately after Init,Host build; KMEM_Init and SCHED_Init called; thread.c and kmem.c linked; stubs active,SCHED_GetThreadCount(),1,PASS,PASS,Scheduler,Unit,13-Mar-2025,Piyush Singh Bhati,
PRNG determinism: same seed yields same first draw,Host build; KMEM_Init and SCHED_Init called; thread.c and kmem.c linked; stubs active,fx_init twice with PRNG_SEED_DEFAULT; compare first LCG output,r1 == r2,PASS,PASS,Scheduler,Unit,13-Mar-2025,Piyush Singh Bhati,Fixture-level test
ResetAll then Init produces identical state,Host build; KMEM_Init and SCHED_Init called; thread.c and kmem.c linked; stubs active,reset_sched twice; compare thread count,Identical,PASS,PASS,Scheduler,Unit,13-Mar-2025,Piyush Singh Bhati,
THREAD_Create returns STATUS_OK and non-NULL thread,Host build; KMEM_Init and SCHED_Init called; thread.c and kmem.c linked; stubs active,THREAD_Create valid params,STATUS_OK && t != NULL,PASS,PASS,Scheduler,Unit,13-Mar-2025,Piyush Singh Bhati,
THREAD_Create with NULL func returns INVALID_ARGUMENT,Host build; KMEM_Init and SCHED_Init called; thread.c and kmem.c linked; stubs active,THREAD_Create(NULL func),STATUS_ERROR_INVALID_ARGUMENT,PASS,PASS,Scheduler,Unit,13-Mar-2025,Piyush Singh Bhati,
THREAD_Create at THREAD_MAX_COUNT returns THREAD_LIMIT,Host build; KMEM_Init and SCHED_Init called; thread.c and kmem.c linked; stubs active,Create 15 threads; create 16th,STATUS_ERROR_THREAD_LIMIT,PASS,PASS,Scheduler,Unit,13-Mar-2025,Piyush Singh Bhati,
THREAD_Create with stack_size=0 uses THREAD_DEFAULT_STACK,Host build; KMEM_Init and SCHED_Init called; thread.c and kmem.c linked; stubs active,Create with size=0; check t->stack_size,#NAME?,PASS,PASS,Scheduler,Unit,13-Mar-2025,Piyush Singh Bhati,
New thread wake_tick is 0 at creation,Host build; KMEM_Init and SCHED_Init called; thread.c and kmem.c linked; stubs active,Create thread; check t->wake_tick,0,PASS,PASS,Scheduler,Unit,13-Mar-2025,Piyush Singh Bhati,
Thread IDs are strictly increasing,Host build; KMEM_Init and SCHED_Init called; thread.c and kmem.c linked; stubs active,Create two threads; compare IDs,t2->id > t1->id,PASS,PASS,Scheduler,Unit,13-Mar-2025,Piyush Singh Bhati,
New thread state is THREAD_STATE_READY,Host build; KMEM_Init and SCHED_Init called; thread.c and kmem.c linked; stubs active,Create thread; check t->state,THREAD_STATE_READY,PASS,PASS,Scheduler,Unit,13-Mar-2025,Piyush Singh Bhati,
Thread name stored correctly,Host build; KMEM_Init and SCHED_Init called; thread.c and kmem.c linked; stubs active,"Create with name ""mythread""; check t->name",Equals 'mythread',PASS,PASS,Scheduler,Unit,13-Mar-2025,Piyush Singh Bhati,
NULL name does not crash and name is non-NULL,Host build; KMEM_Init and SCHED_Init called; thread.c and kmem.c linked; stubs active,Create with NULL name; check t->name,Non-NULL string,PASS,PASS,Scheduler,Unit,13-Mar-2025,Piyush Singh Bhati,
SetTaskPriority updates priority field,Host build; KMEM_Init and SCHED_Init called; thread.c and kmem.c linked; stubs active,Create; set t->priority=HIGH; check,#NAME?,PASS,PASS,Scheduler,Unit,14-Mar-2025,Piyush Singh Bhati,
SetTaskPriority with invalid ID does not crash,Host build; KMEM_Init and SCHED_Init called; thread.c and kmem.c linked; stubs active,Verify no crash on no-op,No crash,PASS,PASS,Scheduler,Unit,14-Mar-2025,Piyush Singh Bhati,
SetTaskBurst updates burst_estimate in fixture,Host build; KMEM_Init and SCHED_Init called; thread.c and kmem.c linked; stubs active,fx_add; set burst=50; check,50,PASS,PASS,Scheduler,Unit,14-Mar-2025,Piyush Singh Bhati,
SetTaskBurst invalid ID does not crash,Host build; KMEM_Init and SCHED_Init called; thread.c and kmem.c linked; stubs active,No-op test,No crash,PASS,PASS,Scheduler,Unit,14-Mar-2025,Piyush Singh Bhati,
SetTaskQueueLevel updates queue_level in fixture,Host build; KMEM_Init and SCHED_Init called; thread.c and kmem.c linked; stubs active,fx_add; set queue_level=2; check,2,PASS,PASS,Scheduler,Unit,14-Mar-2025,Piyush Singh Bhati,
SetTaskQueueLevel invalid ID does not crash,Host build; KMEM_Init and SCHED_Init called; thread.c and kmem.c linked; stubs active,No-op test,No crash,PASS,PASS,Scheduler,Unit,14-Mar-2025,Piyush Singh Bhati,
SetTaskTickets updates tickets field in fixture,Host build; KMEM_Init and SCHED_Init called; thread.c and kmem.c linked; stubs active,fx_add; set tickets=20; check,20,PASS,PASS,Scheduler,Unit,14-Mar-2025,Piyush Singh Bhati,
SetTaskTickets invalid ID does not crash,Host build; KMEM_Init and SCHED_Init called; thread.c and kmem.c linked; stubs active,No-op test,No crash,PASS,PASS,Scheduler,Unit,14-Mar-2025,Piyush Singh Bhati,
THREAD_GetCurrent returns idle thread (id==0) after Init,Host build; KMEM_Init and SCHED_Init called; thread.c and kmem.c linked; stubs active,THREAD_GetCurrent(); check ->id,0,PASS,PASS,Scheduler,Unit,14-Mar-2025,Piyush Singh Bhati,
Thread count is 1 (idle) after Init,Host build; KMEM_Init and SCHED_Init called; thread.c and kmem.c linked; stubs active,SCHED_GetThreadCount(),1,PASS,PASS,Scheduler,Unit,14-Mar-2025,Piyush Singh Bhati,
Thread count increases by 1 per CreateTask,Host build; KMEM_Init and SCHED_Init called; thread.c and kmem.c linked; stubs active,Record base; Create one; check count,base+1,PASS,PASS,Scheduler,Unit,14-Mar-2025,Piyush Singh Bhati,
SCHED_GetUptime does not crash,Host build; KMEM_Init and SCHED_Init called; thread.c and kmem.c linked; stubs active,Call SCHED_GetUptime(),Returns without crash,PASS,PASS,Scheduler,Unit,14-Mar-2025,Piyush Singh Bhati,
SCHED_GetThreadCount matches create calls,Host build; KMEM_Init and SCHED_Init called; thread.c and kmem.c linked; stubs active,Create 2 threads; check count==base+2,base+2,PASS,PASS,Scheduler,Unit,14-Mar-2025,Piyush Singh Bhati,
PolicyName FCFS returns 'FCFS',Host build; KMEM_Init and SCHED_Init called; thread.c and kmem.c linked; stubs active,fx_policy_name(POL_FCFS),FCFS',PASS,PASS,Scheduler,Unit,15-Mar-2025,Piyush Singh Bhati,
PolicyName SJF returns 'SJF',Host build; KMEM_Init and SCHED_Init called; thread.c and kmem.c linked; stubs active,fx_policy_name(POL_SJF),SJF',PASS,PASS,Scheduler,Unit,15-Mar-2025,Piyush Singh Bhati,
PolicyName RR returns 'Round-Robin',Host build; KMEM_Init and SCHED_Init called; thread.c and kmem.c linked; stubs active,fx_policy_name(POL_RR),Round-Robin',PASS,PASS,Scheduler,Unit,15-Mar-2025,Piyush Singh Bhati,
PolicyName HRRN returns 'HRRN',Host build; KMEM_Init and SCHED_Init called; thread.c and kmem.c linked; stubs active,fx_policy_name(POL_HRRN),HRRN',PASS,PASS,Scheduler,Unit,15-Mar-2025,Piyush Singh Bhati,
PolicyName Priority returns 'Priority',Host build; KMEM_Init and SCHED_Init called; thread.c and kmem.c linked; stubs active,fx_policy_name(POL_PRIORITY),Priority',PASS,PASS,Scheduler,Unit,15-Mar-2025,Piyush Singh Bhati,
PolicyName MLQ returns 'MLQ',Host build; KMEM_Init and SCHED_Init called; thread.c and kmem.c linked; stubs active,fx_policy_name(POL_MLQ),MLQ',PASS,PASS,Scheduler,Unit,15-Mar-2025,Piyush Singh Bhati,
PolicyName Lottery returns 'Lottery',Host build; KMEM_Init and SCHED_Init called; thread.c and kmem.c linked; stubs active,fx_policy_name(POL_LOTTERY),Lottery',PASS,PASS,Scheduler,Unit,15-Mar-2025,Piyush Singh Bhati,
PolicyName out-of-range returns 'Unknown',Host build; KMEM_Init and SCHED_Init called; thread.c and kmem.c linked; stubs active,fx_policy_name((fx_policy_t)99),Unknown',PASS,PASS,Scheduler,Unit,15-Mar-2025,Piyush Singh Bhati,
FCFS selects task with lowest arrival_order,Host build; KMEM_Init and SCHED_Init called; thread.c and kmem.c linked; stubs active,Add tasks with arrivals 5/2/8; fx_fcfs(),Selects id=1 (arrival=2),PASS,PASS,Scheduler,Unit,15-Mar-2025,Piyush Singh Bhati,
FCFS is consistent for equal arrival times,Host build; KMEM_Init and SCHED_Init called; thread.c and kmem.c linked; stubs active,Two tasks same arrival; call fx_fcfs() twice,Same result both times,PASS,PASS,Scheduler,Unit,15-Mar-2025,Piyush Singh Bhati,
SJF selects task with lowest burst estimate,Host build; KMEM_Init and SCHED_Init called; thread.c and kmem.c linked; stubs active,Tasks burst=100/20/50; fx_sjf(),Selects id=1 (burst=20),PASS,PASS,Scheduler,Unit,15-Mar-2025,Piyush Singh Bhati,
SJF is consistent for equal burst times,Host build; KMEM_Init and SCHED_Init called; thread.c and kmem.c linked; stubs active,Two tasks same burst; call fx_sjf() twice,Same result; result >= 0,PASS,PASS,Scheduler,Unit,15-Mar-2025,Piyush Singh Bhati,
Round-Robin cycles through all tasks in order,Host build; KMEM_Init and SCHED_Init called; thread.c and kmem.c linked; stubs active,Three tasks; call fx_rr() four times,"Order: 0,1,2,0",PASS,PASS,Scheduler,Unit,15-Mar-2025,Piyush Singh Bhati,
Round-Robin skips FINISHED tasks,Host build; KMEM_Init and SCHED_Init called; thread.c and kmem.c linked; stubs active,Mark id=1 FINISHED; call fx_rr() twice,Returns 0 then 2,PASS,PASS,Scheduler,Unit,15-Mar-2025,Piyush Singh Bhati,
Round-Robin wraps from last to first,Host build; KMEM_Init and SCHED_Init called; thread.c and kmem.c linked; stubs active,Two tasks; advance to last; call fx_rr(),Wraps to 0,PASS,PASS,Scheduler,Unit,15-Mar-2025,Piyush Singh Bhati,
HRRN selects task with higher wait/burst ratio,Host build; KMEM_Init and SCHED_Init called; thread.c and kmem.c linked; stubs active,Task0 wait=5 burst=10 (ratio 1.5); Task1 wait=20 burst=10 (ratio 3.0),Selects id=1,PASS,PASS,Scheduler,Unit,15-Mar-2025,Piyush Singh Bhati,
HRRN burst=0 treated as 1 (no div-by-zero),Host build; KMEM_Init and SCHED_Init called; thread.c and kmem.c linked; stubs active,Task with burst=0; call fx_hrrn(),Returns valid index >= 0,PASS,PASS,Scheduler,Unit,15-Mar-2025,Piyush Singh Bhati,
Priority selects numerically lowest priority value,Host build; KMEM_Init and SCHED_Init called; thread.c and kmem.c linked; stubs active,Tasks prio=3/1/2; fx_priority(),Selects id=1 (prio=1),PASS,PASS,Scheduler,Unit,15-Mar-2025,Piyush Singh Bhati,
Priority selection consistent for equal priorities,Host build; KMEM_Init and SCHED_Init called; thread.c and kmem.c linked; stubs active,Two tasks same priority; call fx_priority() twice,Same result,PASS,PASS,Scheduler,Unit,15-Mar-2025,Piyush Singh Bhati,
MLQ: level 0 beats levels 1 and 2,Host build; KMEM_Init and SCHED_Init called; thread.c and kmem.c linked; stubs active,Tasks in levels 2/0/1; fx_mlq(),Selects level-0 task,PASS,PASS,Scheduler,Unit,15-Mar-2025,Piyush Singh Bhati,
MLQ: level 1 selected when level 0 absent,Host build; KMEM_Init and SCHED_Init called; thread.c and kmem.c linked; stubs active,Tasks in levels 2/1; fx_mlq(),Selects level-1 task,PASS,PASS,Scheduler,Unit,15-Mar-2025,Piyush Singh Bhati,
MLQ: level 2 only when 0 and 1 absent,Host build; KMEM_Init and SCHED_Init called; thread.c and kmem.c linked; stubs active,Single task in level 2; fx_mlq(),Selects that task,PASS,PASS,Scheduler,Unit,15-Mar-2025,Piyush Singh Bhati,
MLQ: round-robin within same level,Host build; KMEM_Init and SCHED_Init called; thread.c and kmem.c linked; stubs active,Two tasks level=1; call fx_mlq() three times,"0, 1, 0",PASS,PASS,Scheduler,Unit,15-Mar-2025,Piyush Singh Bhati,
Lottery: zero total tickets returns -1,Host build; KMEM_Init and SCHED_Init called; thread.c and kmem.c linked; stubs active,Two tasks with 0 tickets; fx_lottery(),Returns -1,PASS,PASS,Scheduler,Unit,15-Mar-2025,Piyush Singh Bhati,
Lottery: zero-ticket task never selected across 1000 draws,Host build; KMEM_Init and SCHED_Init called; thread.c and kmem.c linked; stubs active,Task0 0 tickets; Task1 10 tickets; 1000 draws,Task0 never selected,PASS,PASS,Scheduler,Unit,15-Mar-2025,Piyush Singh Bhati,
Lottery selection is deterministic for fixed seed,Host build; KMEM_Init and SCHED_Init called; thread.c and kmem.c linked; stubs active,Two identical fx_sched_t; compare first 5 picks,Sequences identical,PASS,PASS,Scheduler,Unit,15-Mar-2025,Piyush Singh Bhati,
Lottery: high-ticket task wins more often,Host build; KMEM_Init and SCHED_Init called; thread.c and kmem.c linked; stubs active,Task0 1 ticket; Task1 99 tickets; 1000 draws,wins[1] > wins[0],PASS,PASS,Scheduler,Unit,15-Mar-2025,Piyush Singh Bhati,
FCFS orders 5 tasks correctly by arrival,Host build; KMEM_Init and SCHED_Init called; thread.c and kmem.c linked; stubs active,5 tasks shuffled arrivals; select all via FCFS,"Order: 1,2,3,4,5",PASS,PASS,Scheduler,Component,17-Mar-2025,Piyush Singh Bhati,
SJF orders 5 tasks correctly by burst,Host build; KMEM_Init and SCHED_Init called; thread.c and kmem.c linked; stubs active,5 tasks varying burst; select all via SJF,Order by burst ascending,PASS,PASS,Scheduler,Component,17-Mar-2025,Piyush Singh Bhati,
Round-Robin fairness: each task gets at least one turn in 6 cycles,Host build; KMEM_Init and SCHED_Init called; thread.c and kmem.c linked; stubs active,3 tasks; 6 fx_rr() calls; count per task,Each seen >= 1 time,PASS,PASS,Scheduler,Component,17-Mar-2025,Piyush Singh Bhati,
HRRN aging: high-wait task wins over shorter burst,Host build; KMEM_Init and SCHED_Init called; thread.c and kmem.c linked; stubs active,Task0 burst=5 wait=50; Task1 burst=1 wait=1,Selects Task0 (ratio 11 > 2),PASS,PASS,Scheduler,Component,17-Mar-2025,Piyush Singh Bhati,
Priority scheduling runs tasks in strict priority order,Host build; KMEM_Init and SCHED_Init called; thread.c and kmem.c linked; stubs active,5 tasks priorities 5..1; select all,"Runs in order 1,2,3,4,5",PASS,PASS,Scheduler,Component,17-Mar-2025,Piyush Singh Bhati,
MLQ level isolation: critical→normal→background,Host build; KMEM_Init and SCHED_Init called; thread.c and kmem.c linked; stubs active,Tasks levels 2/1/0; select three times,"Level 0 first, then 1, then 2",PASS,PASS,Scheduler,Component,17-Mar-2025,Piyush Singh Bhati,
Lottery determinism: two sessions same seed same sequence,Host build; KMEM_Init and SCHED_Init called; thread.c and kmem.c linked; stubs active,Two identical schedulers; compare 10 picks,All picks identical,PASS,PASS,Scheduler,Component,17-Mar-2025,Piyush Singh Bhati,
FCFS and SJF produce different orderings for same task set,Host build; KMEM_Init and SCHED_Init called; thread.c and kmem.c linked; stubs active,Tasks: burst=100 arrives 1st; burst=10 arrives 3rd,FCFS and SJF pick differently,PASS,PASS,Scheduler,Component,18-Mar-2025,Piyush Singh Bhati,
SCHED_GetThreadCount matches three CreateTask calls,Host build; KMEM_Init and SCHED_Init called; thread.c and kmem.c linked; stubs active,Record base; Create 3 threads; check count,base+3,PASS,PASS,Scheduler,Component,18-Mar-2025,Piyush Singh Bhati,
Alive count lifecycle: 3 tasks then all finished,Host build; KMEM_Init and SCHED_Init called; thread.c and kmem.c linked; stubs active,Add 3 fx tasks; count ready (3); mark finished; count (0),Counts correct,PASS,PASS,Scheduler,Component,18-Mar-2025,Piyush Singh Bhati,
Round-Robin yield gives other task a turn,Host build; KMEM_Init and SCHED_Init called; thread.c and kmem.c linked; stubs active,Two tasks; first fx_rr returns A; second returns B,A != B,PASS,PASS,Scheduler,Component,18-Mar-2025,Piyush Singh Bhati,
Exit: finished task not selected,Host build; KMEM_Init and SCHED_Init called; thread.c and kmem.c linked; stubs active,One task; mark FINISHED; fx_rr(),Returns -1,PASS,PASS,Scheduler,Component,18-Mar-2025,Piyush Singh Bhati,
Run count tracks task resumptions,Host build; KMEM_Init and SCHED_Init called; thread.c and kmem.c linked; stubs active,Two tasks; 3 RR ticks; count task0 selections,run_count >= 1,PASS,PASS,Scheduler,Component,18-Mar-2025,Piyush Singh Bhati,
Sum of per-task run counts equals total picks,Host build; KMEM_Init and SCHED_Init called; thread.c and kmem.c linked; stubs active,3 tasks; 12 RR picks; sum per_task counts,Sum == 12,PASS,PASS,Scheduler,Component,18-Mar-2025,Piyush Singh Bhati,
ctx_a.sp is non-zero after round-trip context switch,QEMU virt running; cpu_context_switch in context.S; _thread_entry_trampoline available,Run UT-CTX-007 first; check ctx_a.sp,ctx_a.sp != 0,PASS,PASS,Context Switch,Unit,13-Mar-2025,Aashma,Must run after CTX-007
Frame pointer restored correctly (no fault after switch),QEMU virt running; cpu_context_switch in context.S; _thread_entry_trampoline available,Verify reaching this point after CTX-007 ran,No fault,PASS,PASS,Context Switch,Unit,13-Mar-2025,Aashma,Structural
Link register restores to correct return address,QEMU virt running; cpu_context_switch in context.S; _thread_entry_trampoline available,"After switch back from ctx_b_func, resume at correct PC",No fault; correct resume,PASS,PASS,Context Switch,Unit,13-Mar-2025,Aashma,Structural
cpu_context_switch saves non-zero SP into old_ctx,QEMU virt running; cpu_context_switch in context.S; _thread_entry_trampoline available,Switch to ctx4_body; it switches back; verify ctx4_save.sp!=0 and ctx4_returned==1,Both conditions true,PASS,PASS,Context Switch,Unit,13-Mar-2025,Aashma,Real round-trip
SP correctly loaded from new_ctx before register restore,QEMU virt running; cpu_context_switch in context.S; _thread_entry_trampoline available,Context B ran from ctx_stack_b without corrupting caller stack,No fault,PASS,PASS,Context Switch,Unit,13-Mar-2025,Aashma,Structural
Callee-saved x19-x28 saved before SP restore (assembly order),QEMU virt running; cpu_context_switch in context.S; _thread_entry_trampoline available,Code inspection of context.S: stp before ldr sp,Verified by inspection,PASS,PASS,Context Switch,Unit,13-Mar-2025,Aashma,Assembly structural
Full round-trip A→B→A resumes at correct instruction,QEMU virt running; cpu_context_switch in context.S; _thread_entry_trampoline available,Set step=1; switch to ctx_b_func; it sets step=2 and switches back; verify step==2,ctx_test_step == 2,PASS,PASS,Context Switch,Unit,13-Mar-2025,Aashma,Real context switch
Caller-saved x0-x18 not preserved across switch (by design),QEMU virt running; cpu_context_switch in context.S; _thread_entry_trampoline available,Verify by assembly inspection of context.S,Expected: only callee-saved regs saved,PASS,PASS,Context Switch,Unit,13-Mar-2025,Aashma,Structural
VBAR_EL1 points to _vector_table,QEMU virt running; vectors.S loaded; VBAR_EL1 set to _vector_table,Read VBAR_EL1; compare to &_vector_table,vbar == (uint64_t)&_vector_table,PASS,PASS,Exception Handling,Component,14-Mar-2025,Aashma,
ESR_EL1 ELR_EL1 FAR_EL1 readable without fault,QEMU virt running; vectors.S loaded; VBAR_EL1 set to _vector_table,mrs esr_el1; mrs elr_el1; mrs far_el1,All reads succeed; no fault,PASS,PASS,Exception Handling,Component,14-Mar-2025,Aashma,
HAL_Exception_Handler called with correct args (structural),QEMU virt running; vectors.S loaded; VBAR_EL1 set to _vector_table,Verify exception_names[] in main.c and vectors.S branch,Structural verification,PASS,PASS,Exception Handling,Component,14-Mar-2025,Aashma,Code inspection
Processor enters WFE after exception handler returns,QEMU virt running; vectors.S loaded; VBAR_EL1 set to _vector_table,Code inspection of _exception_handler in vectors.S,WFE loop present,PASS,PASS,Exception Handling,Component,14-Mar-2025,Aashma,Structural; cannot test without real exception
Nested IRQ save/restore cycle completes without crash,Host build; arch_stub/uart_stub/timer_stub linked; Unity initialized,arch_irq_save (outer); arch_irq_save (inner); restore inner; restore outer,No crash; returns,PASS,PASS,Kernel API,Component,14-Mar-2025,Aashma,Stubs are no-ops on host
Timer measurement: t1 >= t0 after DelayUs,Host build; arch_stub/uart_stub/timer_stub linked; Unity initialized,t0=GetTicks(); DelayUs(1000); t1=GetTicks(); compare,t1 >= t0,PASS,PASS,Kernel API,Component,14-Mar-2025,Aashma,
HAL_UART_PutString does not crash (KAPI_Log simulation),Host build; arch_stub/uart_stub/timer_stub linked; Unity initialized,"HAL_UART_PutString(""[CT-KAPI-003] message\n"")",No crash,PASS,PASS,Kernel API,Component,14-Mar-2025,Aashma,
Cache flush (no-op on host) does not corrupt memory pattern,Host build; arch_stub/uart_stub/timer_stub linked; Unity initialized,Write pattern; compiler barrier; verify pattern,Pattern preserved,PASS,PASS,Kernel API,Component,14-Mar-2025,Aashma,
Kernel boots and reaches test runner,QEMU virt running; full kernel boot sequence complete; all HAL subsystems initialized,Observe test runner execution on QEMU serial output,Test runner prints banner,PASS,PASS,System Boot,System,15-Mar-2025,Aashma,
Execution level at kernel entry is EL1,QEMU virt running; full kernel boot sequence complete; all HAL subsystems initialized,Read CurrentEL; extract bits [3:2],level == 1,PASS,PASS,System Boot,System,15-Mar-2025,Aashma,
BSS section is zeroed by boot code,QEMU virt running; full kernel boot sequence complete; all HAL subsystems initialized,Check global uninitialized variable bss_test_var,0,PASS,PASS,System Boot,System,15-Mar-2025,Aashma,
Stack functional: deep recursive local arrays work,QEMU virt running; full kernel boot sequence complete; all HAL subsystems initialized,Call deep_stack_func(4); verify returns non-negative,No fault; result >= 0,PASS,PASS,System Boot,System,15-Mar-2025,Aashma,
UART operational before test suite runs,QEMU virt running; full kernel boot sequence complete; all HAL subsystems initialized,HAL_UART_PutString output visible,String appears on serial,PASS,PASS,System Boot,System,15-Mar-2025,Aashma,
Exception vectors installed before hardware init,QEMU virt running; full kernel boot sequence complete; all HAL subsystems initialized,Read VBAR_EL1 and compare to &_vector_table,Match,PASS,PASS,System Boot,System,15-Mar-2025,Aashma,
All subsystems initialize successfully,QEMU virt running; full kernel boot sequence complete; all HAL subsystems initialized,Kernel reaches test runner (all inits passed),No fault before runner,PASS,PASS,System Init,System,15-Mar-2025,Aashma,
Timer frequency in range 50–100 MHz after init,QEMU virt running; full kernel boot sequence complete; all HAL subsystems initialized,HAL_Timer_GetFreq(),50000000 <= freq <= 100000000,PASS,PASS,System Init,System,15-Mar-2025,Aashma,
Heap size reported matches linker symbols,QEMU virt running; full kernel boot sequence complete; all HAL subsystems initialized,KMEM_GetStats; compare to _heap_end-_heap_start,0 < heap_total <= linker range,PASS,PASS,System Init,System,15-Mar-2025,Aashma,
Normal RAM read/write after MMU init,QEMU virt running; full kernel boot sequence complete; all HAL subsystems initialized,Write 0x12345678 to 0x40110000; read back,Match,PASS,PASS,System Init,System,15-Mar-2025,Aashma,
Timer readable after MMU init,QEMU virt running; full kernel boot sequence complete; all HAL subsystems initialized,HAL_Timer_GetTicks(),ticks > 0,PASS,PASS,System Init,System,15-Mar-2025,Aashma,
UART API tests all passed,QEMU virt running; full kernel boot sequence complete; all HAL subsystems initialized,All UT-UART tests ran without failure,PASS aggregate,PASS,PASS,System API,System,17-Mar-2025,Aashma,Structural summary
Memory API tests all passed,QEMU virt running; full kernel boot sequence complete; all HAL subsystems initialized,All UT-MEM and CT-MEM tests ran,PASS aggregate,PASS,PASS,System API,System,17-Mar-2025,Aashma,Structural summary
KAPI tests all passed,QEMU virt running; full kernel boot sequence complete; all HAL subsystems initialized,All CT-KAPI tests ran,PASS aggregate,PASS,PASS,System API,System,17-Mar-2025,Aashma,Structural summary
Scheduler API: SCHED_Init and SCHED_GetThreadCount functional,QEMU virt running; full kernel boot sequence complete; all HAL subsystems initialized,SCHED_Init(); SCHED_GetThreadCount() >= 1,Count >= 1,PASS,PASS,System API,System,17-Mar-2025,Aashma,
All prior API test modules pass with 0 failures,QEMU virt running; full kernel boot sequence complete; all HAL subsystems initialized,Review total fail count from prior modules,fail count == 0,PASS,PASS,System API,System,17-Mar-2025,Aashma,Structural
Timer measurement baseline established,QEMU virt running; full kernel boot sequence complete; all HAL subsystems initialized,Timer operational for benchmarking,Timer functional,PASS,PASS,System Benchmark,System,17-Mar-2025,Aashma,Structural
Heap available for benchmark allocations,QEMU virt running; full kernel boot sequence complete; all HAL subsystems initialized,Heap initialized and usable,Heap functional,PASS,PASS,System Benchmark,System,17-Mar-2025,Aashma,Structural
KMEM_GetStats NULL guard does not crash,QEMU virt running; full kernel boot sequence complete; all HAL subsystems initialized,KMEM_GetStats(NULL) then KMEM_GetStats(&st); check heap_total > 0,No crash; heap_total > 0,PASS,PASS,System Benchmark,System,17-Mar-2025,Aashma,
Bump allocator handles sequential allocations,QEMU virt running; full kernel boot sequence complete; all HAL subsystems initialized,Multiple sequential allocs succeed,All succeed,PASS,PASS,System Benchmark,System,17-Mar-2025,Aashma,Structural
Timer resolution sufficient for benchmarking,QEMU virt running; full kernel boot sequence complete; all HAL subsystems initialized,Timer frequency > 50 MHz verified,Adequate resolution,PASS,PASS,System Benchmark,System,17-Mar-2025,Aashma,Structural
Scheduling overhead within acceptable bounds,QEMU virt running; full kernel boot sequence complete; all HAL subsystems initialized,Scheduler initialized; cooperative yield available,No fault,PASS,PASS,System Benchmark,System,18-Mar-2025,Aashma,Structural
Cache coherency maintained during benchmark,QEMU virt running; full kernel boot sequence complete; all HAL subsystems initialized,MMU and caches enabled; normal WB memory in use,Caches enabled,PASS,PASS,System Benchmark,System,18-Mar-2025,Aashma,Structural
Arena allocator available for tensor benchmarks,QEMU virt running; full kernel boot sequence complete; all HAL subsystems initialized,KMEM_ArenaCreate accessible,Arena functional,PASS,PASS,System Benchmark,System,18-Mar-2025,Aashma,Structural
No OOM condition: heap has free space after bench allocs,QEMU virt running; full kernel boot sequence complete; all HAL subsystems initialized,KMEM_GetFreeSpace() > 0,Free space remains,PASS,PASS,System Benchmark,System,18-Mar-2025,Aashma,
Benchmark allocations complete without panic,QEMU virt running; full kernel boot sequence complete; all HAL subsystems initialized,All bench allocs return; no fault,No fault,PASS,PASS,System Benchmark,System,18-Mar-2025,Aashma,Structural
heap_peak never exceeds heap_total,QEMU virt running; full kernel boot sequence complete; all HAL subsystems initialized,KMEM_GetStats; verify heap_peak <= heap_total,Invariant holds,PASS,PASS,System Memory Stress,System,18-Mar-2025,Aashma,
ArenaReset brings used back to 0,QEMU virt running; full kernel boot sequence complete; all HAL subsystems initialized,"ArenaCreate(4096); ArenaAlloc(1024,8); ArenaReset; check used==0",used == 0,PASS,PASS,System Memory Stress,System,18-Mar-2025,Aashma,
heap_peak strictly less than heap_total (no full exhaustion),QEMU virt running; full kernel boot sequence complete; all HAL subsystems initialized,KMEM_GetStats; verify heap_peak < heap_total,heap_peak < heap_total,PASS,PASS,System Memory Stress,System,18-Mar-2025,Aashma,Fragile if heap is exactly full
System stable after all QEMU test modules execute,QEMU virt running; full kernel boot sequence complete; all HAL subsystems initialized,Verify test runner reaches summary line without fault,Reaches [SUITE] line,PASS,PASS,System Stability,System,18-Mar-2025,Aashma,Structural
No unexpected exceptions during test run,QEMU virt running; full kernel boot sequence complete; all HAL subsystems initialized,Monitor serial for !!! EXCEPTION output,No exception output,PASS,PASS,System Stability,System,18-Mar-2025,Aashma,Structural
QEMU exits cleanly via semihosting on test completion,QEMU virt running; full kernel boot sequence complete; all HAL subsystems initialized,Verify HLT #0xF000 semihosting exit fires,QEMU exits with code 0,PASS,PASS,System Stability,System,18-Mar-2025,Aashma,